t,raw,voltage,bar
0,256,0.013,0.06
0.55,240,0.012,0.06
1.09,256,0.013,0.06
1.63,256,0.013,0.06
2.17,448,0.023,0.11
2.72,256,0.013,0.06
3.26,256,0.013,0.06
3.81,272,0.014,0.07
4.35,256,0.013,0.06
4.89,272,0.014,0.07
5.44,272,0.014,0.07
6.02,288,0.015,0.07
6.56,272,0.014,0.07
7.11,256,0.013,0.06
7.65,400,0.02,0.1
8.2,272,0.014,0.07
8.74,256,0.013,0.06
9.28,256,0.013,0.06
9.83,272,0.014,0.07
10.37,272,0.014,0.07
10.92,256,0.013,0.06
11.46,288,0.015,0.07
12.01,192,0.01,0.05
12.55,256,0.013,0.06
13.1,272,0.014,0.07
13.64,240,0.012,0.06
14.19,256,0.013,0.06
14.77,256,0.013,0.06
15.31,320,0.016,0.08
15.86,240,0.012,0.06
16.41,272,0.014,0.07
16.95,288,0.015,0.07
17.5,256,0.013,0.06
18.04,240,0.012,0.06
18.59,256,0.013,0.06
19.14,256,0.013,0.06
19.68,240,0.012,0.06
20.23,256,0.013,0.06
20.77,256,0.013,0.06
21.32,352,0.018,0.09
21.86,256,0.013,0.06
22.41,256,0.013,0.06
22.95,272,0.014,0.07
23.54,336,0.017,0.08
24.08,208,0.01,0.05
24.63,240,0.012,0.06
25.18,240,0.012,0.06
25.73,272,0.014,0.07
26.27,272,0.014,0.07
26.82,256,0.013,0.06
27.36,272,0.014,0.07
27.91,240,0.012,0.06
28.46,256,0.013,0.06
29,256,0.013,0.06
29.55,256,0.013,0.06
30.1,240,0.012,0.06
30.64,256,0.013,0.06
31.19,256,0.013,0.06
31.74,192,0.01,0.05
32.32,272,0.014,0.07
32.87,192,0.01,0.05
33.42,256,0.013,0.06
33.96,256,0.013,0.06
34.51,256,0.013,0.06
35.06,288,0.015,0.07
35.6,256,0.013,0.06
36.15,208,0.01,0.05
36.7,272,0.014,0.07
37.25,256,0.013,0.06
37.8,256,0.013,0.06
38.35,256,0.013,0.06
38.9,272,0.014,0.07
39.45,256,0.013,0.06
39.99,272,0.014,0.07
40.54,272,0.014,0.07
41.13,256,0.013,0.06
41.68,240,0.012,0.06
42.23,176,0.009,0.04
42.78,336,0.017,0.08
43.33,272,0.014,0.07
43.88,256,0.013,0.06
44.43,256,0.013,0.06
44.98,288,0.015,0.07
45.53,352,0.018,0.09
46.08,272,0.014,0.07
46.63,272,0.014,0.07
47.18,256,0.013,0.06
47.73,256,0.013,0.06
48.28,320,0.016,0.08
48.83,224,0.011,0.05
49.38,288,0.015,0.07
49.97,224,0.011,0.05
50.52,272,0.014,0.07
51.07,288,0.015,0.07
51.62,272,0.014,0.07
52.17,256,0.013,0.06
52.72,144,0.007,0.03
53.28,288,0.015,0.07
53.83,208,0.01,0.05
54.38,240,0.012,0.06
54.93,288,0.015,0.07
55.48,256,0.013,0.06
56.04,256,0.013,0.06
56.59,288,0.015,0.07
57.14,256,0.013,0.06
57.69,256,0.013,0.06
58.24,240,0.012,0.06
58.83,256,0.013,0.06
59.38,336,0.017,0.08
59.94,288,0.015,0.07
60.49,272,0.014,0.07
61.04,288,0.015,0.07
61.59,256,0.013,0.06
62.18,256,0.013,0.06
62.72,288,0.015,0.07
63.25,256,0.013,0.06
63.79,288,0.015,0.07
64.33,192,0.01,0.05
64.86,256,0.013,0.06
65.4,80,0.004,0.02
65.94,256,0.013,0.06
66.48,256,0.013,0.06
67.01,224,0.011,0.05
67.59,256,0.013,0.06
68.13,256,0.013,0.06
68.67,256,0.013,0.06
69.2,288,0.015,0.07
69.74,272,0.014,0.07
70.28,256,0.013,0.06
70.82,256,0.013,0.06
71.36,256,0.013,0.06
71.89,256,0.013,0.06
72.43,176,0.009,0.04
72.97,240,0.012,0.06
73.51,224,0.011,0.05
74.05,256,0.013,0.06
74.59,272,0.014,0.07
75.12,272,0.014,0.07
75.66,272,0.014,0.07
76.24,272,0.014,0.07
76.78,256,0.013,0.06
77.32,224,0.011,0.05
77.86,256,0.013,0.06
78.4,288,0.015,0.07
78.94,256,0.013,0.06
79.48,272,0.014,0.07
80.02,240,0.012,0.06
80.56,288,0.015,0.07
81.1,272,0.014,0.07
81.64,336,0.017,0.08
82.18,272,0.014,0.07
82.71,256,0.013,0.06
83.25,272,0.014,0.07
83.79,288,0.015,0.07
84.33,256,0.013,0.06
84.91,256,0.013,0.06
85.45,256,0.013,0.06
85.99,272,0.014,0.07
86.53,288,0.015,0.07
87.07,256,0.013,0.06
87.61,240,0.012,0.06
88.15,288,0.015,0.07
88.69,304,0.015,0.07
89.24,256,0.013,0.06
89.78,224,0.011,0.05
90.32,272,0.014,0.07
90.86,272,0.014,0.07
91.4,256,0.013,0.06
91.94,256,0.013,0.06
92.48,256,0.013,0.06
93.03,256,0.013,0.06
93.61,256,0.013,0.06
94.15,272,0.014,0.07
94.69,272,0.014,0.07
95.23,320,0.016,0.08
95.77,256,0.013,0.06
96.32,416,0.021,0.1
96.86,368,0.019,0.09
97.4,528,0.027,0.13
97.94,528,0.027,0.13
98.48,448,0.023,0.11
99.03,416,0.021,0.1
99.57,352,0.018,0.09
100.11,320,0.016,0.08
100.65,256,0.013,0.06
101.19,256,0.013,0.06
101.74,336,0.017,0.08
102.31,432,0.022,0.11
102.86,416,0.021,0.1
103.4,384,0.019,0.09
103.94,400,0.02,0.1
104.48,368,0.019,0.09
105.02,320,0.016,0.08
105.57,800,0.04,0.19
106.11,608,0.031,0.15
106.65,256,0.013,0.06
107.2,416,0.021,0.1
107.74,480,0.024,0.12
108.28,816,0.041,0.2
108.83,1792,0.09,0.44
109.37,2304,0.116,0.56
109.91,2624,0.132,0.64
110.46,2656,0.134,0.65
111.04,2656,0.134,0.65
111.59,2688,0.135,0.65
112.13,2704,0.136,0.66
112.68,4048,0.204,0.99
113.22,7921,0.399,1.93
113.77,15859,0.799,3.87
114.31,23813,1.199,5.81
114.86,25910,1.305,6.33
115.4,27734,1.397,6.77
115.95,28662,1.443,7
116.49,30343,1.528,7.41
117.04,27990,1.409,6.83
117.58,21285,1.072,5.2
118.13,18036,0.908,4.4
118.68,14755,0.743,3.6
119.22,12963,0.653,3.17
119.8,11202,0.564,2.73
120.35,9906,0.499,2.42
120.9,9026,0.455,2.21
121.44,8049,0.405,1.96
121.99,7425,0.374,1.81
122.54,6945,0.35,1.7
123.08,6545,0.33,1.6
123.63,5985,0.301,1.46
124.18,5649,0.284,1.38
124.72,5457,0.275,1.33
125.27,5153,0.259,1.26
125.82,4849,0.244,1.18
126.36,4641,0.234,1.13
126.91,4481,0.226,1.1
127.46,4353,0.219,1.06
128.01,4145,0.209,1.01
128.59,3968,0.2,0.97
129.14,3808,0.192,0.93
129.69,3744,0.189,0.92
130.24,3664,0.184,0.89
130.78,3472,0.175,0.85
131.33,3424,0.172,0.83
131.88,3280,0.165,0.8
132.43,3168,0.16,0.78
132.98,3088,0.155,0.75
133.52,3056,0.154,0.75
134.07,2880,0.145,0.7
134.62,2864,0.144,0.7
135.17,2784,0.14,0.68
135.72,2656,0.134,0.65
136.27,2576,0.13,0.63
136.82,2496,0.126,0.61
137.41,2480,0.125,0.61
137.96,2368,0.119,0.58
138.5,2352,0.118,0.57
139.05,2272,0.114,0.55
139.6,2256,0.114,0.55
140.15,2128,0.107,0.52
140.7,2176,0.11,0.53
141.25,2128,0.107,0.52
141.8,2080,0.105,0.51
142.35,2080,0.105,0.51
142.9,2048,0.103,0.5
143.45,1936,0.097,0.47
144,1936,0.097,0.47
144.55,1872,0.094,0.46
145.1,1808,0.091,0.44
145.66,1808,0.091,0.44
146.24,1792,0.09,0.44
146.79,1760,0.089,0.43
147.35,1760,0.089,0.43
147.9,1696,0.085,0.41
148.45,1696,0.085,0.41
149,1648,0.083,0.4
149.55,1664,0.084,0.41
150.1,1632,0.082,0.4
150.65,1616,0.081,0.39
151.2,1568,0.079,0.38
151.76,1504,0.076,0.37
152.31,1488,0.075,0.36
152.86,1472,0.074,0.36
153.41,1472,0.074,0.36
153.96,1424,0.072,0.35
154.51,1424,0.072,0.35
155.1,1376,0.069,0.33
155.65,1424,0.072,0.35
156.21,1376,0.069,0.33
156.76,1344,0.068,0.33
157.31,1296,0.065,0.32
157.87,1328,0.067,0.32
158.42,1232,0.062,0.3
159,1216,0.061,0.3
159.54,1232,0.062,0.3
160.08,1216,0.061,0.3
160.61,1200,0.06,0.29
161.15,1200,0.06,0.29
161.69,1184,0.06,0.29
162.22,1216,0.061,0.3
162.76,1200,0.06,0.29
163.3,1136,0.057,0.28
163.87,1120,0.056,0.27
164.41,1104,0.056,0.27
164.95,1072,0.054,0.26
165.49,1056,0.053,0.26
166.02,1072,0.054,0.26
166.56,880,0.044,0.21
167.1,976,0.049,0.24
167.64,1008,0.051,0.25
168.18,1008,0.051,0.25
168.71,944,0.048,0.23
169.25,928,0.047,0.23
169.79,928,0.047,0.23
170.33,912,0.046,0.22
170.87,896,0.045,0.22
171.41,928,0.047,0.23
171.94,848,0.043,0.21
172.52,880,0.044,0.21
173.06,848,0.043,0.21
173.6,880,0.044,0.21
174.14,832,0.042,0.2
174.68,800,0.04,0.19
175.22,720,0.036,0.17
175.76,784,0.039,0.19